EmailID,Password
sanagala.vamsikiran@3i-infotech.com,Securitytest@321
PerTest1@scltms.onmicrosoft.com,PerfTest@123
PerTest2@scltms.onmicrosoft.com,PerfTest@123
PerTest3@scltms.onmicrosoft.com,PerfTest@123
PerTest4@scltms.onmicrosoft.com,PerfTest@123
PerTest5@scltms.onmicrosoft.com,PerfTest@123
PerTest6@scltms.onmicrosoft.com,PerfTest@123
PerTest7@scltms.onmicrosoft.com,PerfTest@123
PerTest8@scltms.onmicrosoft.com,PerfTest@123
PerTest9@scltms.onmicrosoft.com,PerfTest@123
PerTest10@scltms.onmicrosoft.com,PerfTest@123
PerTest11@scltms.onmicrosoft.com,PerfTest@123
PerTest12@scltms.onmicrosoft.com,PerfTest@123
PerTest13@scltms.onmicrosoft.com,PerfTest@123
PerTest14@scltms.onmicrosoft.com,PerfTest@123
PerTest15@scltms.onmicrosoft.com,PerfTest@123
PerTest16@scltms.onmicrosoft.com,PerfTest@123
PerTest17@scltms.onmicrosoft.com,PerfTest@123
PerTest18@scltms.onmicrosoft.com,PerfTest@123
PerTest19@scltms.onmicrosoft.com,PerfTest@123
PerTest20@scltms.onmicrosoft.com,PerfTest@123
PerTest21@scltms.onmicrosoft.com,PerfTest@123
PerTest22@scltms.onmicrosoft.com,PerfTest@123
PerTest23@scltms.onmicrosoft.com,PerfTest@123
PerTest24@scltms.onmicrosoft.com,PerfTest@123
PerTest25@scltms.onmicrosoft.com,PerfTest@123
PerTest26@scltms.onmicrosoft.com,PerfTest@123
PerTest27@scltms.onmicrosoft.com,PerfTest@123
PerTest28@scltms.onmicrosoft.com,PerfTest@123
PerTest29@scltms.onmicrosoft.com,PerfTest@123
PerTest30@scltms.onmicrosoft.com,PerfTest@123
PerTest31@scltms.onmicrosoft.com,PerfTest@123
PerTest32@scltms.onmicrosoft.com,PerfTest@123
PerTest33@scltms.onmicrosoft.com,PerfTest@123
PerTest34@scltms.onmicrosoft.com,PerfTest@123
PerTest35@scltms.onmicrosoft.com,PerfTest@123
PerTest36@scltms.onmicrosoft.com,PerfTest@123
PerTest37@scltms.onmicrosoft.com,PerfTest@123
PerTest38@scltms.onmicrosoft.com,PerfTest@123
PerTest39@scltms.onmicrosoft.com,PerfTest@123
PerTest40@scltms.onmicrosoft.com,PerfTest@123
PerTest41@scltms.onmicrosoft.com,PerfTest@123
PerTest42@scltms.onmicrosoft.com,PerfTest@123
PerTest43@scltms.onmicrosoft.com,PerfTest@123
PerTest44@scltms.onmicrosoft.com,PerfTest@123
PerTest45@scltms.onmicrosoft.com,PerfTest@123
PerTest46@scltms.onmicrosoft.com,PerfTest@123
PerTest47@scltms.onmicrosoft.com,PerfTest@123
PerTest48@scltms.onmicrosoft.com,PerfTest@123
PerTest49@scltms.onmicrosoft.com,PerfTest@123
PerTest50@scltms.onmicrosoft.com,PerfTest@123
PerTest51@scltms.onmicrosoft.com,PerfTest@123
PerTest52@scltms.onmicrosoft.com,PerfTest@123
PerTest53@scltms.onmicrosoft.com,PerfTest@123
